{
    "ChatTTS": {
        "bacon": 1,
        "imported_by": [
            "__main__"
        ],
        "imports": [
            "ChatTTS.core"
        ],
        "name": "ChatTTS",
        "path": "/workspaces/LAB_1_STT/Lab9/ChatTTS/ChatTTS/__init__.py"
    },
    "ChatTTS.config": {
        "bacon": 1,
        "imported_by": [
            "ChatTTS.core",
            "__main__"
        ],
        "imports": [
            "ChatTTS.config.config"
        ],
        "name": "ChatTTS.config",
        "path": "/workspaces/LAB_1_STT/Lab9/ChatTTS/ChatTTS/config/__init__.py"
    },
    "ChatTTS.config.config": {
        "bacon": 1,
        "imported_by": [
            "ChatTTS.config",
            "__main__"
        ],
        "name": "ChatTTS.config.config",
        "path": "/workspaces/LAB_1_STT/Lab9/ChatTTS/ChatTTS/config/config.py"
    },
    "ChatTTS.core": {
        "bacon": 1,
        "imported_by": [
            "ChatTTS",
            "__main__"
        ],
        "imports": [
            "ChatTTS.config",
            "ChatTTS.model",
            "ChatTTS.model.velocity",
            "ChatTTS.norm",
            "ChatTTS.utils",
            "numpy",
            "torch"
        ],
        "name": "ChatTTS.core",
        "path": "/workspaces/LAB_1_STT/Lab9/ChatTTS/ChatTTS/core.py"
    },
    "ChatTTS.model": {
        "bacon": 1,
        "imported_by": [
            "ChatTTS.core",
            "__main__"
        ],
        "imports": [
            "ChatTTS.model.dvae",
            "ChatTTS.model.embed",
            "ChatTTS.model.gpt",
            "ChatTTS.model.processors",
            "ChatTTS.model.speaker",
            "ChatTTS.model.tokenizer"
        ],
        "name": "ChatTTS.model",
        "path": "/workspaces/LAB_1_STT/Lab9/ChatTTS/ChatTTS/model/__init__.py"
    },
    "ChatTTS.model.cuda": {
        "bacon": 1,
        "imported_by": [
            "ChatTTS.model.gpt",
            "__main__"
        ],
        "imports": [
            "ChatTTS.model.cuda.te_llama"
        ],
        "name": "ChatTTS.model.cuda",
        "path": "/workspaces/LAB_1_STT/Lab9/ChatTTS/ChatTTS/model/cuda/__init__.py"
    },
    "ChatTTS.model.cuda.patch": {
        "bacon": 1,
        "imported_by": [
            "ChatTTS.model.cuda.te_llama",
            "__main__"
        ],
        "imports": [
            "torch"
        ],
        "name": "ChatTTS.model.cuda.patch",
        "path": "/workspaces/LAB_1_STT/Lab9/ChatTTS/ChatTTS/model/cuda/patch.py"
    },
    "ChatTTS.model.cuda.te_llama": {
        "bacon": 1,
        "imported_by": [
            "ChatTTS.model.cuda",
            "__main__"
        ],
        "imports": [
            "ChatTTS.model.cuda.patch",
            "torch"
        ],
        "name": "ChatTTS.model.cuda.te_llama",
        "path": "/workspaces/LAB_1_STT/Lab9/ChatTTS/ChatTTS/model/cuda/te_llama.py"
    },
    "ChatTTS.model.dvae": {
        "bacon": 1,
        "imported_by": [
            "ChatTTS.model",
            "__main__"
        ],
        "imports": [
            "ChatTTS.utils",
            "numpy",
            "torch",
            "torch.nn"
        ],
        "name": "ChatTTS.model.dvae",
        "path": "/workspaces/LAB_1_STT/Lab9/ChatTTS/ChatTTS/model/dvae.py"
    },
    "ChatTTS.model.embed": {
        "bacon": 1,
        "imported_by": [
            "ChatTTS.model",
            "ChatTTS.model.gpt",
            "ChatTTS.model.velocity.model_runner",
            "ChatTTS.model.velocity.sampler",
            "__main__"
        ],
        "imports": [
            "ChatTTS.utils",
            "torch",
            "torch.nn",
            "torch.nn.utils",
            "torch.nn.utils.parametrizations"
        ],
        "name": "ChatTTS.model.embed",
        "path": "/workspaces/LAB_1_STT/Lab9/ChatTTS/ChatTTS/model/embed.py"
    },
    "ChatTTS.model.gpt": {
        "bacon": 1,
        "imported_by": [
            "ChatTTS.model",
            "__main__"
        ],
        "imports": [
            "ChatTTS.model.cuda",
            "ChatTTS.model.embed",
            "ChatTTS.model.velocity",
            "ChatTTS.utils",
            "torch",
            "torch.nn",
            "torch.nn.functional",
            "torch.nn.utils",
            "torch.nn.utils.parametrize"
        ],
        "name": "ChatTTS.model.gpt",
        "path": "/workspaces/LAB_1_STT/Lab9/ChatTTS/ChatTTS/model/gpt.py"
    },
    "ChatTTS.model.processors": {
        "bacon": 1,
        "imported_by": [
            "ChatTTS.model",
            "__main__"
        ],
        "imports": [
            "torch",
            "torch.nn",
            "torch.nn.functional"
        ],
        "name": "ChatTTS.model.processors",
        "path": "/workspaces/LAB_1_STT/Lab9/ChatTTS/ChatTTS/model/processors.py"
    },
    "ChatTTS.model.speaker": {
        "bacon": 1,
        "imported_by": [
            "ChatTTS.model",
            "__main__"
        ],
        "imports": [
            "numpy",
            "torch",
            "torch.nn",
            "torch.nn.functional"
        ],
        "name": "ChatTTS.model.speaker",
        "path": "/workspaces/LAB_1_STT/Lab9/ChatTTS/ChatTTS/model/speaker.py"
    },
    "ChatTTS.model.tokenizer": {
        "bacon": 1,
        "imported_by": [
            "ChatTTS.model",
            "__main__"
        ],
        "imports": [
            "ChatTTS.utils",
            "torch"
        ],
        "name": "ChatTTS.model.tokenizer",
        "path": "/workspaces/LAB_1_STT/Lab9/ChatTTS/ChatTTS/model/tokenizer.py"
    },
    "ChatTTS.model.velocity": {
        "bacon": 1,
        "imported_by": [
            "ChatTTS.core",
            "ChatTTS.model.gpt",
            "__main__"
        ],
        "imports": [
            "ChatTTS.model.velocity.llm",
            "ChatTTS.model.velocity.sampling_params"
        ],
        "name": "ChatTTS.model.velocity",
        "path": "/workspaces/LAB_1_STT/Lab9/ChatTTS/ChatTTS/model/velocity/__init__.py"
    },
    "ChatTTS.model.velocity.block_manager": {
        "bacon": 1,
        "imported_by": [
            "ChatTTS.model.velocity.scheduler",
            "__main__"
        ],
        "imports": [
            "ChatTTS.model.velocity.sequence"
        ],
        "name": "ChatTTS.model.velocity.block_manager",
        "path": "/workspaces/LAB_1_STT/Lab9/ChatTTS/ChatTTS/model/velocity/block_manager.py"
    },
    "ChatTTS.model.velocity.configs": {
        "bacon": 1,
        "imported_by": [
            "ChatTTS.model.velocity.llm",
            "ChatTTS.model.velocity.llm_engine",
            "ChatTTS.model.velocity.model_runner",
            "__main__"
        ],
        "imports": [
            "torch"
        ],
        "name": "ChatTTS.model.velocity.configs",
        "path": "/workspaces/LAB_1_STT/Lab9/ChatTTS/ChatTTS/model/velocity/configs.py"
    },
    "ChatTTS.model.velocity.llama": {
        "bacon": 1,
        "imported_by": [
            "ChatTTS.model.velocity.model_loader",
            "__main__"
        ],
        "imports": [
            "torch",
            "torch.nn"
        ],
        "name": "ChatTTS.model.velocity.llama",
        "path": "/workspaces/LAB_1_STT/Lab9/ChatTTS/ChatTTS/model/velocity/llama.py"
    },
    "ChatTTS.model.velocity.llm": {
        "bacon": 1,
        "imported_by": [
            "ChatTTS.model.velocity",
            "__main__"
        ],
        "imports": [
            "ChatTTS.model.velocity.configs",
            "ChatTTS.model.velocity.llm_engine",
            "ChatTTS.model.velocity.output",
            "ChatTTS.model.velocity.sampling_params"
        ],
        "name": "ChatTTS.model.velocity.llm",
        "path": "/workspaces/LAB_1_STT/Lab9/ChatTTS/ChatTTS/model/velocity/llm.py"
    },
    "ChatTTS.model.velocity.llm_engine": {
        "bacon": 1,
        "imported_by": [
            "ChatTTS.model.velocity.llm",
            "__main__"
        ],
        "imports": [
            "ChatTTS.model.velocity.configs",
            "ChatTTS.model.velocity.output",
            "ChatTTS.model.velocity.sampling_params",
            "ChatTTS.model.velocity.scheduler",
            "ChatTTS.model.velocity.sequence",
            "ChatTTS.model.velocity.worker",
            "numpy"
        ],
        "name": "ChatTTS.model.velocity.llm_engine",
        "path": "/workspaces/LAB_1_STT/Lab9/ChatTTS/ChatTTS/model/velocity/llm_engine.py"
    },
    "ChatTTS.model.velocity.model_loader": {
        "bacon": 1,
        "imported_by": [
            "ChatTTS.model.velocity.model_runner",
            "__main__"
        ],
        "imports": [
            "ChatTTS.model.velocity.llama",
            "torch",
            "torch.nn"
        ],
        "name": "ChatTTS.model.velocity.model_loader",
        "path": "/workspaces/LAB_1_STT/Lab9/ChatTTS/ChatTTS/model/velocity/model_loader.py"
    },
    "ChatTTS.model.velocity.model_runner": {
        "bacon": 1,
        "imported_by": [
            "ChatTTS.model.velocity.worker",
            "__main__"
        ],
        "imports": [
            "ChatTTS.model.embed",
            "ChatTTS.model.velocity.configs",
            "ChatTTS.model.velocity.model_loader",
            "ChatTTS.model.velocity.sampler",
            "ChatTTS.model.velocity.sampling_params",
            "ChatTTS.model.velocity.sequence",
            "numpy",
            "torch",
            "torch.nn"
        ],
        "name": "ChatTTS.model.velocity.model_runner",
        "path": "/workspaces/LAB_1_STT/Lab9/ChatTTS/ChatTTS/model/velocity/model_runner.py"
    },
    "ChatTTS.model.velocity.output": {
        "bacon": 1,
        "imported_by": [
            "ChatTTS.model.velocity.llm",
            "ChatTTS.model.velocity.llm_engine",
            "__main__"
        ],
        "imports": [
            "ChatTTS.model.velocity.sequence",
            "torch"
        ],
        "name": "ChatTTS.model.velocity.output",
        "path": "/workspaces/LAB_1_STT/Lab9/ChatTTS/ChatTTS/model/velocity/output.py"
    },
    "ChatTTS.model.velocity.sampler": {
        "bacon": 1,
        "imported_by": [
            "ChatTTS.model.velocity.model_runner",
            "__main__"
        ],
        "imports": [
            "ChatTTS.model.embed",
            "torch",
            "torch.functional"
        ],
        "name": "ChatTTS.model.velocity.sampler",
        "path": "/workspaces/LAB_1_STT/Lab9/ChatTTS/ChatTTS/model/velocity/sampler.py"
    },
    "ChatTTS.model.velocity.sampling_params": {
        "bacon": 1,
        "imported_by": [
            "ChatTTS.model.velocity",
            "ChatTTS.model.velocity.llm",
            "ChatTTS.model.velocity.llm_engine",
            "ChatTTS.model.velocity.model_runner",
            "ChatTTS.model.velocity.sequence",
            "__main__"
        ],
        "imports": [
            "torch"
        ],
        "name": "ChatTTS.model.velocity.sampling_params",
        "path": "/workspaces/LAB_1_STT/Lab9/ChatTTS/ChatTTS/model/velocity/sampling_params.py"
    },
    "ChatTTS.model.velocity.scheduler": {
        "bacon": 1,
        "imported_by": [
            "ChatTTS.model.velocity.llm_engine",
            "__main__"
        ],
        "imports": [
            "ChatTTS.model.velocity.block_manager",
            "ChatTTS.model.velocity.sequence"
        ],
        "name": "ChatTTS.model.velocity.scheduler",
        "path": "/workspaces/LAB_1_STT/Lab9/ChatTTS/ChatTTS/model/velocity/scheduler.py"
    },
    "ChatTTS.model.velocity.sequence": {
        "bacon": 1,
        "imported_by": [
            "ChatTTS.model.velocity.block_manager",
            "ChatTTS.model.velocity.llm_engine",
            "ChatTTS.model.velocity.model_runner",
            "ChatTTS.model.velocity.output",
            "ChatTTS.model.velocity.scheduler",
            "__main__"
        ],
        "imports": [
            "ChatTTS.model.velocity.sampling_params",
            "torch"
        ],
        "name": "ChatTTS.model.velocity.sequence",
        "path": "/workspaces/LAB_1_STT/Lab9/ChatTTS/ChatTTS/model/velocity/sequence.py"
    },
    "ChatTTS.model.velocity.worker": {
        "bacon": 1,
        "imported_by": [
            "ChatTTS.model.velocity.llm_engine",
            "__main__"
        ],
        "imports": [
            "ChatTTS.model.velocity.model_runner",
            "torch",
            "torch.distributed"
        ],
        "name": "ChatTTS.model.velocity.worker",
        "path": "/workspaces/LAB_1_STT/Lab9/ChatTTS/ChatTTS/model/velocity/worker.py"
    },
    "ChatTTS.norm": {
        "bacon": 1,
        "imported_by": [
            "ChatTTS.core",
            "__main__"
        ],
        "imports": [
            "ChatTTS.utils",
            "numpy"
        ],
        "name": "ChatTTS.norm",
        "path": "/workspaces/LAB_1_STT/Lab9/ChatTTS/ChatTTS/norm.py"
    },
    "ChatTTS.res": {
        "bacon": 1,
        "imported_by": [
            "__main__"
        ],
        "name": "ChatTTS.res",
        "path": "/workspaces/LAB_1_STT/Lab9/ChatTTS/ChatTTS/res/__init__.py"
    },
    "ChatTTS.utils": {
        "bacon": 1,
        "imported_by": [
            "ChatTTS.core",
            "ChatTTS.model.dvae",
            "ChatTTS.model.embed",
            "ChatTTS.model.gpt",
            "ChatTTS.model.tokenizer",
            "ChatTTS.norm",
            "__main__"
        ],
        "imports": [
            "ChatTTS.utils.gpu",
            "ChatTTS.utils.io",
            "ChatTTS.utils.log"
        ],
        "name": "ChatTTS.utils",
        "path": "/workspaces/LAB_1_STT/Lab9/ChatTTS/ChatTTS/utils/__init__.py"
    },
    "ChatTTS.utils.dl": {
        "bacon": 1,
        "imported_by": [
            "__main__"
        ],
        "imports": [
            "ChatTTS.utils.log",
            "requests"
        ],
        "name": "ChatTTS.utils.dl",
        "path": "/workspaces/LAB_1_STT/Lab9/ChatTTS/ChatTTS/utils/dl.py"
    },
    "ChatTTS.utils.gpu": {
        "bacon": 1,
        "imported_by": [
            "ChatTTS.utils",
            "__main__"
        ],
        "imports": [
            "ChatTTS.utils.log",
            "torch"
        ],
        "name": "ChatTTS.utils.gpu",
        "path": "/workspaces/LAB_1_STT/Lab9/ChatTTS/ChatTTS/utils/gpu.py"
    },
    "ChatTTS.utils.io": {
        "bacon": 1,
        "imported_by": [
            "ChatTTS.utils",
            "__main__"
        ],
        "imports": [
            "ChatTTS.utils.log",
            "torch"
        ],
        "name": "ChatTTS.utils.io",
        "path": "/workspaces/LAB_1_STT/Lab9/ChatTTS/ChatTTS/utils/io.py"
    },
    "ChatTTS.utils.log": {
        "bacon": 1,
        "imported_by": [
            "ChatTTS.utils",
            "ChatTTS.utils.dl",
            "ChatTTS.utils.gpu",
            "ChatTTS.utils.io",
            "__main__"
        ],
        "name": "ChatTTS.utils.log",
        "path": "/workspaces/LAB_1_STT/Lab9/ChatTTS/ChatTTS/utils/log.py"
    },
    "__main__": {
        "bacon": 0,
        "imports": [
            "ChatTTS",
            "ChatTTS.config",
            "ChatTTS.config.config",
            "ChatTTS.core",
            "ChatTTS.model",
            "ChatTTS.model.cuda",
            "ChatTTS.model.cuda.patch",
            "ChatTTS.model.cuda.te_llama",
            "ChatTTS.model.dvae",
            "ChatTTS.model.embed",
            "ChatTTS.model.gpt",
            "ChatTTS.model.processors",
            "ChatTTS.model.speaker",
            "ChatTTS.model.tokenizer",
            "ChatTTS.model.velocity",
            "ChatTTS.model.velocity.block_manager",
            "ChatTTS.model.velocity.configs",
            "ChatTTS.model.velocity.llama",
            "ChatTTS.model.velocity.llm",
            "ChatTTS.model.velocity.llm_engine",
            "ChatTTS.model.velocity.model_loader",
            "ChatTTS.model.velocity.model_runner",
            "ChatTTS.model.velocity.output",
            "ChatTTS.model.velocity.sampler",
            "ChatTTS.model.velocity.sampling_params",
            "ChatTTS.model.velocity.scheduler",
            "ChatTTS.model.velocity.sequence",
            "ChatTTS.model.velocity.worker",
            "ChatTTS.norm",
            "ChatTTS.res",
            "ChatTTS.utils",
            "ChatTTS.utils.dl",
            "ChatTTS.utils.gpu",
            "ChatTTS.utils.io",
            "ChatTTS.utils.log"
        ],
        "name": "__main__",
        "path": null
    },
    "numpy": {
        "bacon": 2,
        "imported_by": [
            "ChatTTS.core",
            "ChatTTS.model.dvae",
            "ChatTTS.model.speaker",
            "ChatTTS.model.velocity.llm_engine",
            "ChatTTS.model.velocity.model_runner",
            "ChatTTS.norm",
            "numpy",
            "torch",
            "torch.nn.functional"
        ],
        "imports": [
            "numpy"
        ],
        "name": "numpy",
        "path": "/home/codespace/.local/lib/python3.12/site-packages/numpy/__init__.py"
    },
    "requests": {
        "bacon": 2,
        "imported_by": [
            "ChatTTS.utils.dl",
            "requests"
        ],
        "imports": [
            "requests"
        ],
        "name": "requests",
        "path": "/home/codespace/.local/lib/python3.12/site-packages/requests/__init__.py"
    },
    "torch": {
        "bacon": 2,
        "imported_by": [
            "ChatTTS.core",
            "ChatTTS.model.cuda.patch",
            "ChatTTS.model.cuda.te_llama",
            "ChatTTS.model.dvae",
            "ChatTTS.model.embed",
            "ChatTTS.model.gpt",
            "ChatTTS.model.processors",
            "ChatTTS.model.speaker",
            "ChatTTS.model.tokenizer",
            "ChatTTS.model.velocity.configs",
            "ChatTTS.model.velocity.llama",
            "ChatTTS.model.velocity.model_loader",
            "ChatTTS.model.velocity.model_runner",
            "ChatTTS.model.velocity.output",
            "ChatTTS.model.velocity.sampler",
            "ChatTTS.model.velocity.sampling_params",
            "ChatTTS.model.velocity.sequence",
            "ChatTTS.model.velocity.worker",
            "ChatTTS.utils.gpu",
            "ChatTTS.utils.io",
            "torch",
            "torch.distributed",
            "torch.functional",
            "torch.nn",
            "torch.nn.functional",
            "torch.nn.utils",
            "torch.nn.utils.parametrizations",
            "torch.nn.utils.parametrize"
        ],
        "imports": [
            "numpy",
            "torch",
            "torch.distributed",
            "torch.functional",
            "torch.nn"
        ],
        "name": "torch",
        "path": "/home/codespace/.local/lib/python3.12/site-packages/torch/__init__.py"
    },
    "torch.distributed": {
        "bacon": 2,
        "imported_by": [
            "ChatTTS.model.velocity.worker",
            "torch"
        ],
        "imports": [
            "torch"
        ],
        "name": "torch.distributed",
        "path": "/home/codespace/.local/lib/python3.12/site-packages/torch/distributed/__init__.py"
    },
    "torch.functional": {
        "bacon": 2,
        "imported_by": [
            "ChatTTS.model.velocity.sampler",
            "torch"
        ],
        "imports": [
            "torch",
            "torch.nn",
            "torch.nn.functional"
        ],
        "name": "torch.functional",
        "path": "/home/codespace/.local/lib/python3.12/site-packages/torch/functional.py"
    },
    "torch.nn": {
        "bacon": 2,
        "imported_by": [
            "ChatTTS.model.dvae",
            "ChatTTS.model.embed",
            "ChatTTS.model.gpt",
            "ChatTTS.model.processors",
            "ChatTTS.model.speaker",
            "ChatTTS.model.velocity.llama",
            "ChatTTS.model.velocity.model_loader",
            "ChatTTS.model.velocity.model_runner",
            "torch",
            "torch.functional",
            "torch.nn",
            "torch.nn.functional",
            "torch.nn.utils",
            "torch.nn.utils.parametrizations",
            "torch.nn.utils.parametrize"
        ],
        "imports": [
            "torch",
            "torch.nn",
            "torch.nn.functional",
            "torch.nn.utils"
        ],
        "name": "torch.nn",
        "path": "/home/codespace/.local/lib/python3.12/site-packages/torch/nn/__init__.py"
    },
    "torch.nn.functional": {
        "bacon": 2,
        "imported_by": [
            "ChatTTS.model.gpt",
            "ChatTTS.model.processors",
            "ChatTTS.model.speaker",
            "torch.functional",
            "torch.nn",
            "torch.nn.utils.parametrizations"
        ],
        "imports": [
            "numpy",
            "torch",
            "torch.nn"
        ],
        "name": "torch.nn.functional",
        "path": "/home/codespace/.local/lib/python3.12/site-packages/torch/nn/functional.py"
    },
    "torch.nn.utils": {
        "bacon": 2,
        "imported_by": [
            "ChatTTS.model.embed",
            "ChatTTS.model.gpt",
            "torch.nn",
            "torch.nn.utils",
            "torch.nn.utils.parametrizations"
        ],
        "imports": [
            "torch",
            "torch.nn",
            "torch.nn.utils",
            "torch.nn.utils.parametrizations"
        ],
        "name": "torch.nn.utils",
        "path": "/home/codespace/.local/lib/python3.12/site-packages/torch/nn/utils/__init__.py"
    },
    "torch.nn.utils.parametrizations": {
        "bacon": 2,
        "imported_by": [
            "ChatTTS.model.embed",
            "torch.nn.utils"
        ],
        "imports": [
            "torch",
            "torch.nn",
            "torch.nn.functional",
            "torch.nn.utils",
            "torch.nn.utils.parametrize"
        ],
        "name": "torch.nn.utils.parametrizations",
        "path": "/home/codespace/.local/lib/python3.12/site-packages/torch/nn/utils/parametrizations.py"
    },
    "torch.nn.utils.parametrize": {
        "bacon": 2,
        "imported_by": [
            "ChatTTS.model.gpt",
            "torch.nn.utils.parametrizations"
        ],
        "imports": [
            "torch",
            "torch.nn"
        ],
        "name": "torch.nn.utils.parametrize",
        "path": "/home/codespace/.local/lib/python3.12/site-packages/torch/nn/utils/parametrize.py"
    }
}
