Project Name,Package Name,Type Name,LCOM1,LCOM2,LCOM3,LCOM4,LCOM5,YALCOM
main,net.pandadev.nextron.languages,LanguageLoader,6.0,0.0,4.0,3.0,0.6666666666666666,0.5
main,net.pandadev.nextron.languages,TextAPI,15.0,0.0,6.0,1.0,1.0,0.0
main,net.pandadev.nextron.commands,WarpCommands,10.0,0.0,5.0,5.0,0.0,1.0
main,net.pandadev.nextron.commands,HomeCommands,10.0,0.0,5.0,5.0,0.0,1.0
main,net.pandadev.nextron.commands,RankCommand,28.0,0.0,8.0,8.0,0.0,1.0
main,net.pandadev.nextron.commands,HelpBase,10.0,10.0,5.0,5.0,0.75,0.6
main,net.pandadev.nextron.commands,GamemodeCommand,15.0,0.0,6.0,6.0,0.0,1.0
main,net.pandadev.nextron.commands,FeatureCommand,6.0,0.0,4.0,4.0,0.0,1.0
main,net.pandadev.nextron.commands,TimeCommand,10.0,0.0,5.0,5.0,0.0,1.0
main,net.pandadev.nextron.commands,HelpCommand,6.0,0.0,4.0,2.0,0.0,0.5
main,net.pandadev.nextron.commands,WorldCommand,21.0,0.0,7.0,6.0,0.0,0.8571428571428571
main,net.pandadev.nextron.guis.features,RankGUIs,6.0,0.0,4.0,4.0,1.0,1.0
main,net.pandadev.nextron.database,Migrations,42.0,39.0,8.0,1.0,0.925925925925926,0.0
main,net.pandadev.nextron.database,Config,10.0,0.0,5.0,2.0,0.875,0.4
main,net.pandadev.nextron.utils,ItemBuilder,10.0,0.0,2.0,2.0,0.4285714285714285,0.25
main,net.pandadev.nextron.utils,Metrics,799.0,652.0,16.0,15.0,0.963565891472868,0.2045454545454545
main,net.pandadev.nextron.utils,MetricsBase,20.0,12.0,3.0,1.0,0.8571428571428571,0.0
main,net.pandadev.nextron.utils,JsonObjectBuilder,60.0,42.0,6.0,1.0,0.8055555555555555,0.0
main,net.pandadev.nextron.utils,Placeholders,15.0,0.0,6.0,6.0,0.0,1.0
main,net.pandadev.nextron.utils,UpdateChecker,4.0,2.0,2.0,1.0,0.6666666666666666,0.0
main,net.pandadev.nextron.apis,RankAPI,91.0,0.0,14.0,9.0,0.1538461538461538,0.0
main,net.pandadev.nextron.apis,VanishAPI,10.0,0.0,5.0,1.0,0.75,0.0
main,net.pandadev.nextron.apis,HomeAPI,15.0,0.0,6.0,6.0,-0.0,0.0
main,net.pandadev.nextron.apis,WarpAPI,10.0,0.0,5.0,5.0,-0.0,0.0
main,net.pandadev.nextron.apis,SettingsAPI,120.0,0.0,16.0,16.0,-0.0,0.0
main,net.pandadev.nextron,Main,9.0,8.0,5.0,3.0,1.0,0.4
