Project Name,Package Name,Type Name,LCOM1,LCOM2,LCOM3,LCOM4,LCOM5,YALCOM
main,net.pandadev.nextron.languages,LanguageLoader,6.0,0.0,4.0,3.0,0.6666666666666666,0.5
main,net.pandadev.nextron.languages,TextAPI,15.0,0.0,6.0,1.0,1.0,0.0
main,net.pandadev.nextron.listeners,QuitListener,0.0,0.0,1.0,1.0,0.0,0.0
main,net.pandadev.nextron.listeners,JoinListener,0.0,0.0,1.0,1.0,0.0,0.0
main,net.pandadev.nextron.listeners,ClickableMessages,0.0,0.0,1.0,1.0,0.0,0.0
main,net.pandadev.nextron.listeners,BackCommandListener,1.0,0.0,2.0,2.0,0.0,1.0
main,net.pandadev.nextron.listeners,ChatEditor,0.0,0.0,1.0,1.0,0.0,0.0
main,net.pandadev.nextron.listeners,InputListener,1.0,0.0,2.0,2.0,-0.0,0.0
main,net.pandadev.nextron.commands,PingCommand,1.0,0.0,2.0,2.0,0.0,1.0
main,net.pandadev.nextron.commands,NickCommand,3.0,0.0,3.0,3.0,0.0,1.0
main,net.pandadev.nextron.commands,VanishCommand,1.0,0.0,2.0,2.0,0.0,1.0
main,net.pandadev.nextron.commands,WarpCommands,10.0,0.0,5.0,5.0,0.0,1.0
main,net.pandadev.nextron.commands,HomeCommands,10.0,0.0,5.0,5.0,0.0,1.0
main,net.pandadev.nextron.commands,RenameCommand,1.0,0.0,2.0,2.0,0.0,1.0
main,net.pandadev.nextron.commands,BackCommand,3.0,0.0,3.0,2.0,0.0,0.6666666666666666
main,net.pandadev.nextron.commands,LanguageCommand,1.0,0.0,2.0,2.0,0.0,1.0
main,net.pandadev.nextron.commands,HeadCommand,1.0,0.0,2.0,2.0,0.0,1.0
main,net.pandadev.nextron.commands,HealCommand,1.0,0.0,2.0,2.0,0.0,1.0
main,net.pandadev.nextron.commands,GodCommand,1.0,0.0,2.0,2.0,0.0,1.0
main,net.pandadev.nextron.commands,TopCommand,1.0,0.0,2.0,2.0,0.0,1.0
main,net.pandadev.nextron.commands,GetPosCommand,1.0,0.0,2.0,2.0,0.0,1.0
main,net.pandadev.nextron.commands,HatCommand,1.0,0.0,2.0,2.0,0.0,1.0
main,net.pandadev.nextron.commands,RankCommand,28.0,0.0,8.0,8.0,0.0,1.0
main,net.pandadev.nextron.commands,FlyCommand,1.0,0.0,2.0,2.0,0.0,1.0
main,net.pandadev.nextron.commands,ReloadCommand,1.0,0.0,2.0,2.0,0.0,1.0
main,net.pandadev.nextron.commands,HelpBase,10.0,10.0,5.0,5.0,0.75,0.6
main,net.pandadev.nextron.commands,TpaCommand,1.0,0.0,2.0,2.0,0.0,1.0
main,net.pandadev.nextron.commands,GamemodeCommand,15.0,0.0,6.0,6.0,0.0,1.0
main,net.pandadev.nextron.commands,NightVisionCommand,1.0,0.0,2.0,2.0,0.0,1.0
main,net.pandadev.nextron.commands,FeatureCommand,6.0,0.0,4.0,4.0,0.0,1.0
main,net.pandadev.nextron.commands,MenuCommand,1.0,0.0,2.0,2.0,0.0,1.0
main,net.pandadev.nextron.commands,TpdenyCommand,1.0,0.0,2.0,2.0,0.0,1.0
main,net.pandadev.nextron.commands,TphereCommand,1.0,0.0,2.0,2.0,0.0,1.0
main,net.pandadev.nextron.commands,TimeCommand,10.0,0.0,5.0,5.0,0.0,1.0
main,net.pandadev.nextron.commands,SpeedCommand,1.0,0.0,2.0,2.0,0.0,1.0
main,net.pandadev.nextron.commands,SudoCommand,1.0,0.0,2.0,2.0,0.0,1.0
main,net.pandadev.nextron.commands,HelpCommand,6.0,0.0,4.0,2.0,0.0,0.5
main,net.pandadev.nextron.commands,InvseeCommand,1.0,0.0,2.0,2.0,0.0,1.0
main,net.pandadev.nextron.commands,SpawnCommand,3.0,0.0,3.0,3.0,0.0,1.0
main,net.pandadev.nextron.commands,TpahereCommand,1.0,0.0,2.0,2.0,0.0,1.0
main,net.pandadev.nextron.commands,TpacceptCommand,1.0,0.0,2.0,2.0,0.0,1.0
main,net.pandadev.nextron.commands,RepairCommand,1.0,0.0,2.0,2.0,0.0,1.0
main,net.pandadev.nextron.commands,WorldCommand,21.0,0.0,7.0,6.0,0.0,0.8571428571428571
main,net.pandadev.nextron.commands,EnderchestCommand,1.0,0.0,2.0,2.0,0.0,1.0
main,net.pandadev.nextron.guis.features,WarpGUIs,1.0,0.0,2.0,2.0,0.0,1.0
main,net.pandadev.nextron.guis.features,HomeGUIs,1.0,0.0,2.0,2.0,0.0,1.0
main,net.pandadev.nextron.guis.features,RankGUIs,6.0,0.0,4.0,4.0,1.0,1.0
main,net.pandadev.nextron.guis,GUIs,3.0,0.0,3.0,3.0,0.0,1.0
main,net.pandadev.nextron.database,Migrations,42.0,39.0,8.0,1.0,0.925925925925926,0.0
main,net.pandadev.nextron.database,MigrationFile,0.0,0.0,1.0,1.0,0.5,0.0
main,net.pandadev.nextron.database,Config,10.0,0.0,5.0,2.0,0.875,0.4
main,net.pandadev.nextron.database,ResultSetHandler,0.0,0.0,1.0,1.0,0.0,-1.0
main,net.pandadev.nextron.tablist,TablistManager,1.0,0.0,2.0,2.0,0.0,1.0
main,net.pandadev.nextron.arguments,WarpArgument,1.0,0.0,2.0,2.0,0.0,1.0
main,net.pandadev.nextron.arguments,HelpArgument,1.0,0.0,2.0,2.0,0.0,1.0
main,net.pandadev.nextron.arguments,LanguageArgument,3.0,0.0,3.0,1.0,0.0,0.0
main,net.pandadev.nextron.arguments,HomeArgument,1.0,0.0,2.0,2.0,0.0,1.0
main,net.pandadev.nextron.arguments,RankArgument,3.0,0.0,3.0,1.0,0.0,0.0
main,net.pandadev.nextron.arguments,GameModeArgument,1.0,0.0,2.0,2.0,-0.0,0.0
main,net.pandadev.nextron.arguments,SeedArgument,0.0,0.0,1.0,1.0,0.0,0.0
main,net.pandadev.nextron.arguments,FeatureArgument,3.0,0.0,3.0,1.0,0.0,0.0
main,net.pandadev.nextron.arguments.objects,Warp,0.0,0.0,1.0,1.0,0.0,0.0
main,net.pandadev.nextron.arguments.objects,Language,0.0,0.0,1.0,1.0,-0.0,0.0
main,net.pandadev.nextron.arguments.objects,Help,0.0,0.0,1.0,1.0,0.0,0.0
main,net.pandadev.nextron.arguments.objects,Home,0.0,0.0,1.0,1.0,0.0,0.0
main,net.pandadev.nextron.arguments.objects,Seed,0.0,0.0,1.0,1.0,0.0,0.0
main,net.pandadev.nextron.arguments.objects,Rank,0.0,0.0,1.0,1.0,0.0,0.0
main,net.pandadev.nextron.arguments.objects,Feature,0.0,0.0,1.0,1.0,0.0,0.0
main,net.pandadev.nextron.utils,ItemBuilder,10.0,0.0,2.0,2.0,0.42857142857142855,0.25
main,net.pandadev.nextron.utils,Metrics,799.0,652.0,16.0,15.0,0.9635658914728681,0.20454545454545456
main,net.pandadev.nextron.utils,MetricsBase,20.0,12.0,3.0,1.0,0.8571428571428571,0.0
main,net.pandadev.nextron.utils,SimplePie,0.0,0.0,1.0,1.0,-0.0,0.0
main,net.pandadev.nextron.utils,MultiLineChart,0.0,0.0,1.0,1.0,-0.0,0.0
main,net.pandadev.nextron.utils,AdvancedPie,0.0,0.0,1.0,1.0,-0.0,0.0
main,net.pandadev.nextron.utils,SimpleBarChart,0.0,0.0,1.0,1.0,-0.0,0.0
main,net.pandadev.nextron.utils,AdvancedBarChart,0.0,0.0,1.0,1.0,-0.0,0.0
main,net.pandadev.nextron.utils,DrilldownPie,0.0,0.0,1.0,1.0,-0.0,0.0
main,net.pandadev.nextron.utils,CustomChart,2.0,1.0,2.0,1.0,0.5,0.0
main,net.pandadev.nextron.utils,SingleLineChart,0.0,0.0,1.0,1.0,-0.0,0.0
main,net.pandadev.nextron.utils,JsonObjectBuilder,60.0,42.0,6.0,1.0,0.8055555555555555,0.0
main,net.pandadev.nextron.utils,JsonObject,0.0,0.0,1.0,1.0,-0.0,0.0
main,net.pandadev.nextron.utils,Placeholders,15.0,0.0,6.0,6.0,0.0,1.0
main,net.pandadev.nextron.utils,FileConfig,2.0,1.0,2.0,2.0,0.5,0.6666666666666666
main,net.pandadev.nextron.utils,UpdateChecker,4.0,2.0,2.0,1.0,0.6666666666666666,0.0
main,net.pandadev.nextron.utils,Utils,0.0,0.0,1.0,1.0,0.0,0.0
main,net.pandadev.nextron.apis,RankAPI,91.0,0.0,14.0,9.0,0.15384615384615385,0.0
main,net.pandadev.nextron.apis,VanishAPI,10.0,0.0,5.0,1.0,0.75,0.0
main,net.pandadev.nextron.apis,FeatureAPI,3.0,0.0,3.0,3.0,0.25,0.0
main,net.pandadev.nextron.apis,HomeAPI,15.0,0.0,6.0,6.0,-0.0,0.0
main,net.pandadev.nextron.apis,WarpAPI,10.0,0.0,5.0,5.0,-0.0,0.0
main,net.pandadev.nextron.apis,SettingsAPI,120.0,0.0,16.0,16.0,-0.0,0.0
main,net.pandadev.nextron,Main,9.0,8.0,5.0,3.0,1.0,0.4
